"GEO_ID","NAME","H1_001N","H1_002N","H1_003N"
"id","Geographic Area Name"," !!Total:"," !!Total:!!Occupied"," !!Total:!!Vacant"
"7000000US22051000001","1, Jefferson Parish, Louisiana","738","731","7"
"7000000US22051000002","2, Jefferson Parish, Louisiana","510","492","18"
"7000000US22051000003","3, Jefferson Parish, Louisiana","372","370","2"
"7000000US22051000004","4, Jefferson Parish, Louisiana","332","321","11"
"7000000US22051000005","5, Jefferson Parish, Louisiana","382","342","40"
"7000000US22051000007","7, Jefferson Parish, Louisiana","470","449","21"
"7000000US22051000008","8, Jefferson Parish, Louisiana","340","321","19"
"7000000US22051000009","9, Jefferson Parish, Louisiana","1425","1244","181"
"7000000US22051000010","10, Jefferson Parish, Louisiana","434","411","23"
"7000000US22051000011","11, Jefferson Parish, Louisiana","814","765","49"
"7000000US22051000012","12, Jefferson Parish, Louisiana","624","612","12"
"7000000US22051000013","13, Jefferson Parish, Louisiana","802","756","46"
"7000000US22051000014","14, Jefferson Parish, Louisiana","255","229","26"
"7000000US22051000015","15, Jefferson Parish, Louisiana","409","397","12"
"7000000US22051000016","16, Jefferson Parish, Louisiana","366","348","18"
"7000000US22051000017","17, Jefferson Parish, Louisiana","1035","975","60"
"7000000US22051000018","18, Jefferson Parish, Louisiana","891","818","73"
"7000000US22051000019","19, Jefferson Parish, Louisiana","418","406","12"
"7000000US22051000020","20, Jefferson Parish, Louisiana","224","220","4"
"7000000US22051000021","21, Jefferson Parish, Louisiana","552","537","15"
"7000000US22051000022","22, Jefferson Parish, Louisiana","624","574","50"
"7000000US22051000023","23, Jefferson Parish, Louisiana","1400","1268","132"
"7000000US22051000024","24, Jefferson Parish, Louisiana","902","873","29"
"7000000US22051000025","25, Jefferson Parish, Louisiana","738","707","31"
"7000000US22051000026","26, Jefferson Parish, Louisiana","1104","1020","84"
"7000000US22051000027","27, Jefferson Parish, Louisiana","2017","1805","212"
"7000000US22051000028","28, Jefferson Parish, Louisiana","726","616","110"
"7000000US22051000029","29, Jefferson Parish, Louisiana","519","464","55"
"7000000US22051000030","30, Jefferson Parish, Louisiana","637","595","42"
"7000000US22051000031","31, Jefferson Parish, Louisiana","649","629","20"
"7000000US22051000032","32, Jefferson Parish, Louisiana","532","493","39"
"7000000US22051000033","33, Jefferson Parish, Louisiana","896","791","105"
"7000000US22051000034","34, Jefferson Parish, Louisiana","439","408","31"
"7000000US22051000035","35, Jefferson Parish, Louisiana","355","338","17"
"7000000US22051000036","36, Jefferson Parish, Louisiana","300","269","31"
"7000000US22051000037","37, Jefferson Parish, Louisiana","447","429","18"
"7000000US22051000038","38, Jefferson Parish, Louisiana","590","543","47"
"7000000US22051000039","39, Jefferson Parish, Louisiana","477","465","12"
"7000000US22051000040","40, Jefferson Parish, Louisiana","362","341","21"
"7000000US22051000041","41, Jefferson Parish, Louisiana","465","425","40"
"7000000US22051000042","42, Jefferson Parish, Louisiana","655","612","43"
"7000000US22051000043","43, Jefferson Parish, Louisiana","550","528","22"
"7000000US22051000044","44, Jefferson Parish, Louisiana","1123","1041","82"
"7000000US22051000045","45, Jefferson Parish, Louisiana","1124","1020","104"
"7000000US22051000046","46, Jefferson Parish, Louisiana","815","765","50"
"7000000US22051000051","51, Jefferson Parish, Louisiana","842","823","19"
"7000000US22051000052","52, Jefferson Parish, Louisiana","906","863","43"
"7000000US22051000053","53, Jefferson Parish, Louisiana","447","441","6"
"7000000US22051000054","54, Jefferson Parish, Louisiana","477","466","11"
"7000000US22051000055","55, Jefferson Parish, Louisiana","619","598","21"
"7000000US22051000056","56, Jefferson Parish, Louisiana","721","673","48"
"7000000US22051000057","57, Jefferson Parish, Louisiana","799","745","54"
"7000000US22051000058","58, Jefferson Parish, Louisiana","1227","1131","96"
"7000000US22051000059","59, Jefferson Parish, Louisiana","712","681","31"
"7000000US22051000060","60, Jefferson Parish, Louisiana","1007","978","29"
"7000000US22051000061","61, Jefferson Parish, Louisiana","503","484","19"
"7000000US22051000062","62, Jefferson Parish, Louisiana","381","369","12"
"7000000US22051000063","63, Jefferson Parish, Louisiana","335","302","33"
"7000000US22051000064","64, Jefferson Parish, Louisiana","284","277","7"
"7000000US22051000065","65, Jefferson Parish, Louisiana","493","476","17"
"7000000US22051000066","66, Jefferson Parish, Louisiana","561","542","19"
"7000000US22051000067","67, Jefferson Parish, Louisiana","228","210","18"
"7000000US22051000068","68, Jefferson Parish, Louisiana","909","849","60"
"7000000US22051000069","69, Jefferson Parish, Louisiana","478","458","20"
"7000000US22051000070","70, Jefferson Parish, Louisiana","1143","1095","48"
"7000000US22051000071","71, Jefferson Parish, Louisiana","1056","1025","31"
"7000000US22051000072","72, Jefferson Parish, Louisiana","669","601","68"
"7000000US22051000073","73, Jefferson Parish, Louisiana","1403","1324","79"
"7000000US22051000074","74, Jefferson Parish, Louisiana","1317","1205","112"
"7000000US22051000075","75, Jefferson Parish, Louisiana","623","596","27"
"7000000US22051000076","76, Jefferson Parish, Louisiana","1761","1628","133"
"7000000US22051000077","77, Jefferson Parish, Louisiana","807","765","42"
"7000000US22051000078","78, Jefferson Parish, Louisiana","2138","1889","249"
"7000000US22051000079","79, Jefferson Parish, Louisiana","396","374","22"
"7000000US22051000080","80, Jefferson Parish, Louisiana","552","486","66"
"7000000US22051000081","81, Jefferson Parish, Louisiana","452","415","37"
"7000000US22051000082","82, Jefferson Parish, Louisiana","1404","1249","155"
"7000000US22051000083","83, Jefferson Parish, Louisiana","339","314","25"
"7000000US22051000084","84, Jefferson Parish, Louisiana","493","428","65"
"7000000US22051000085","85, Jefferson Parish, Louisiana","831","766","65"
"7000000US22051000086","86, Jefferson Parish, Louisiana","560","501","59"
"7000000US22051000087","87, Jefferson Parish, Louisiana","518","476","42"
"7000000US22051000088","88, Jefferson Parish, Louisiana","405","378","27"
"7000000US22051000089","89, Jefferson Parish, Louisiana","541","493","48"
"7000000US22051000090","90, Jefferson Parish, Louisiana","541","507","34"
"7000000US22051000091","91, Jefferson Parish, Louisiana","483","425","58"
"7000000US22051000092","92, Jefferson Parish, Louisiana","292","287","5"
"7000000US22051000093","93, Jefferson Parish, Louisiana","311","280","31"
"7000000US22051000094","94, Jefferson Parish, Louisiana","445","430","15"
"7000000US22051000095","95, Jefferson Parish, Louisiana","533","495","38"
"7000000US22051000096","96, Jefferson Parish, Louisiana","224","204","20"
"7000000US22051000097","97, Jefferson Parish, Louisiana","346","305","41"
"7000000US22051000098","98, Jefferson Parish, Louisiana","1011","867","144"
"7000000US22051000099","99, Jefferson Parish, Louisiana","530","473","57"
"7000000US220510001-G","1-G, Jefferson Parish, Louisiana","359","339","20"
"7000000US220510001-H","1-H, Jefferson Parish, Louisiana","711","676","35"
"7000000US220510001-K","1-K, Jefferson Parish, Louisiana","580","569","11"
"7000000US220510001-L","1-L, Jefferson Parish, Louisiana","696","652","44"
"7000000US220510001-W","1-W, Jefferson Parish, Louisiana","404","328","76"
"7000000US22051000100","100, Jefferson Parish, Louisiana","196","183","13"
"7000000US22051000101","101, Jefferson Parish, Louisiana","186","178","8"
"7000000US22051000102","102, Jefferson Parish, Louisiana","487","425","62"
"7000000US22051000103","103, Jefferson Parish, Louisiana","401","381","20"
"7000000US22051000104","104, Jefferson Parish, Louisiana","614","526","88"
"7000000US22051000105","105, Jefferson Parish, Louisiana","262","237","25"
"7000000US22051000106","106, Jefferson Parish, Louisiana","411","391","20"
"7000000US22051000108","108, Jefferson Parish, Louisiana","314","274","40"
"7000000US22051000115","115, Jefferson Parish, Louisiana","454","406","48"
"7000000US22051000116","116, Jefferson Parish, Louisiana","797","753","44"
"7000000US22051000117","117, Jefferson Parish, Louisiana","722","664","58"
"7000000US22051000118","118, Jefferson Parish, Louisiana","567","518","49"
"7000000US22051000119","119, Jefferson Parish, Louisiana","357","355","2"
"7000000US22051000120","120, Jefferson Parish, Louisiana","254","242","12"
"7000000US22051000121","121, Jefferson Parish, Louisiana","553","534","19"
"7000000US22051000122","122, Jefferson Parish, Louisiana","514","467","47"
"7000000US22051000123","123, Jefferson Parish, Louisiana","924","870","54"
"7000000US22051000124","124, Jefferson Parish, Louisiana","1198","1144","54"
"7000000US22051000126","126, Jefferson Parish, Louisiana","948","868","80"
"7000000US22051000127","127, Jefferson Parish, Louisiana","600","560","40"
"7000000US22051000128","128, Jefferson Parish, Louisiana","864","798","66"
"7000000US22051000129","129, Jefferson Parish, Louisiana","716","629","87"
"7000000US22051000130","130, Jefferson Parish, Louisiana","432","402","30"
"7000000US22051000131","131, Jefferson Parish, Louisiana","369","330","39"
"7000000US22051000132","132, Jefferson Parish, Louisiana","370","356","14"
"7000000US22051000133","133, Jefferson Parish, Louisiana","402","343","59"
"7000000US22051000134","134, Jefferson Parish, Louisiana","768","684","84"
"7000000US22051000136","136, Jefferson Parish, Louisiana","679","565","114"
"7000000US22051000138","138, Jefferson Parish, Louisiana","255","249","6"
"7000000US22051000150","150, Jefferson Parish, Louisiana","1394","1334","60"
"7000000US22051000151","151, Jefferson Parish, Louisiana","1257","1164","93"
"7000000US22051000152","152, Jefferson Parish, Louisiana","664","561","103"
"7000000US22051000153","153, Jefferson Parish, Louisiana","640","592","48"
"7000000US22051000154","154, Jefferson Parish, Louisiana","672","619","53"
"7000000US22051000155","155, Jefferson Parish, Louisiana","471","420","51"
"7000000US22051000156","156, Jefferson Parish, Louisiana","1704","1327","377"
"7000000US22051000170","170, Jefferson Parish, Louisiana","798","732","66"
"7000000US22051000171","171, Jefferson Parish, Louisiana","209","172","37"
"7000000US22051000172","172, Jefferson Parish, Louisiana","1125","987","138"
"7000000US22051000173","173, Jefferson Parish, Louisiana","582","517","65"
"7000000US22051000174","174, Jefferson Parish, Louisiana","279","249","30"
"7000000US22051000175","175, Jefferson Parish, Louisiana","672","618","54"
"7000000US22051000176","176, Jefferson Parish, Louisiana","330","291","39"
"7000000US22051000177","177, Jefferson Parish, Louisiana","495","456","39"
"7000000US22051000178","178, Jefferson Parish, Louisiana","432","400","32"
"7000000US22051000180","180, Jefferson Parish, Louisiana","552","486","66"
"7000000US22051000181","181, Jefferson Parish, Louisiana","730","675","55"
"7000000US22051000182","182, Jefferson Parish, Louisiana","460","425","35"
"7000000US22051000183","183, Jefferson Parish, Louisiana","675","628","47"
"7000000US22051000184","184, Jefferson Parish, Louisiana","1200","1148","52"
"7000000US22051000187","187, Jefferson Parish, Louisiana","974","929","45"
"7000000US22051000188","188, Jefferson Parish, Louisiana","478","451","27"
"7000000US22051000189","189, Jefferson Parish, Louisiana","1196","1160","36"
"7000000US22051000190","190, Jefferson Parish, Louisiana","898","853","45"
"7000000US22051000191","191, Jefferson Parish, Louisiana","1420","1334","86"
"7000000US22051000192","192, Jefferson Parish, Louisiana","1119","1083","36"
"7000000US22051000195","195, Jefferson Parish, Louisiana","922","898","24"
"7000000US22051000196","196, Jefferson Parish, Louisiana","1233","1135","98"
"7000000US22051000198","198, Jefferson Parish, Louisiana","974","945","29"
"7000000US22051000199","199, Jefferson Parish, Louisiana","655","651","4"
"7000000US220510002-G","2-G, Jefferson Parish, Louisiana","488","430","58"
"7000000US220510002-H","2-H, Jefferson Parish, Louisiana","371","357","14"
"7000000US220510002-K","2-K, Jefferson Parish, Louisiana","1685","1231","454"
"7000000US220510002-W","2-W, Jefferson Parish, Louisiana","279","233","46"
"7000000US22051000200","200, Jefferson Parish, Louisiana","491","460","31"
"7000000US22051000201","201, Jefferson Parish, Louisiana","804","746","58"
"7000000US22051000202","202, Jefferson Parish, Louisiana","454","432","22"
"7000000US22051000203","203, Jefferson Parish, Louisiana","709","683","26"
"7000000US22051000204","204, Jefferson Parish, Louisiana","560","543","17"
"7000000US22051000205","205, Jefferson Parish, Louisiana","771","748","23"
"7000000US22051000210","210, Jefferson Parish, Louisiana","360","338","22"
"7000000US22051000211","211, Jefferson Parish, Louisiana","579","503","76"
"7000000US22051000212","212, Jefferson Parish, Louisiana","625","557","68"
"7000000US22051000215","215, Jefferson Parish, Louisiana","957","937","20"
"7000000US22051000217","217, Jefferson Parish, Louisiana","1278","1249","29"
"7000000US22051000225","225, Jefferson Parish, Louisiana","2055","1862","193"
"7000000US22051000226","226, Jefferson Parish, Louisiana","1131","1087","44"
"7000000US22051000227","227, Jefferson Parish, Louisiana","1194","1079","115"
"7000000US22051000228","228, Jefferson Parish, Louisiana","1110","1040","70"
"7000000US22051000229","229, Jefferson Parish, Louisiana","505","488","17"
"7000000US22051000230","230, Jefferson Parish, Louisiana","917","888","29"
"7000000US22051000231","231, Jefferson Parish, Louisiana","862","823","39"
"7000000US22051000234","234, Jefferson Parish, Louisiana","1035","1008","27"
"7000000US22051000235","235, Jefferson Parish, Louisiana","333","326","7"
"7000000US22051000236","236, Jefferson Parish, Louisiana","1210","1168","42"
"7000000US22051000237","237, Jefferson Parish, Louisiana","1031","1001","30"
"7000000US22051000246","246, Jefferson Parish, Louisiana","384","350","34"
"7000000US22051000247","247, Jefferson Parish, Louisiana","577","435","142"
"7000000US22051000248","248, Jefferson Parish, Louisiana","508","409","99"
"7000000US220510003-G","3-G, Jefferson Parish, Louisiana","961","841","120"
"7000000US220510003-H","3-H, Jefferson Parish, Louisiana","407","378","29"
"7000000US220510003-K","3-K, Jefferson Parish, Louisiana","1107","1044","63"
"7000000US220510003-W","3-W, Jefferson Parish, Louisiana","607","533","74"
"7000000US220510004-G","4-G, Jefferson Parish, Louisiana","363","322","41"
"7000000US220510004-H","4-H, Jefferson Parish, Louisiana","669","655","14"
"7000000US220510004-K","4-K, Jefferson Parish, Louisiana","1454","1374","80"
"7000000US220510004-W","4-W, Jefferson Parish, Louisiana","412","365","47"
"7000000US220510005-G","5-G, Jefferson Parish, Louisiana","302","271","31"
"7000000US220510005-H","5-H, Jefferson Parish, Louisiana","209","183","26"
"7000000US220510005-K","5-K, Jefferson Parish, Louisiana","633","607","26"
"7000000US220510005-W","5-W, Jefferson Parish, Louisiana","920","860","60"
"7000000US220510006-G","6-G, Jefferson Parish, Louisiana","456","377","79"
"7000000US220510006-H","6-H, Jefferson Parish, Louisiana","324","319","5"
"7000000US220510006-W","6-W, Jefferson Parish, Louisiana","685","619","66"
"7000000US220510007-G","7-G, Jefferson Parish, Louisiana","942","772","170"
"7000000US220510007-H","7-H, Jefferson Parish, Louisiana","370","361","9"
"7000000US220510007-W","7-W, Jefferson Parish, Louisiana","816","753","63"
"7000000US220510008-G","8-G, Jefferson Parish, Louisiana","710","609","101"
"7000000US220510008-H","8-H, Jefferson Parish, Louisiana","592","554","38"
"7000000US220510008-K","8-K, Jefferson Parish, Louisiana","1353","1239","114"
"7000000US220510009-G","9-G, Jefferson Parish, Louisiana","996","908","88"
"7000000US220510009-H","9-H, Jefferson Parish, Louisiana","427","396","31"
"7000000US220510009-K","9-K, Jefferson Parish, Louisiana","413","396","17"
"7000000US22051001-GI","1-GI, Jefferson Parish, Louisiana","1828","448","1380"
"7000000US220510010-G","10-G, Jefferson Parish, Louisiana","863","801","62"
"7000000US220510010-K","10-K, Jefferson Parish, Louisiana","945","730","215"
"7000000US220510011-G","11-G, Jefferson Parish, Louisiana","1218","1137","81"
"7000000US220510011-K","11-K, Jefferson Parish, Louisiana","497","461","36"
"7000000US220510012-G","12-G, Jefferson Parish, Louisiana","285","276","9"
"7000000US220510012-K","12-K, Jefferson Parish, Louisiana","768","758","10"
"7000000US2205100125A","125A, Jefferson Parish, Louisiana","1733","1571","162"
"7000000US2205100125B","125B, Jefferson Parish, Louisiana","1560","1363","197"
"7000000US220510013-G","13-G, Jefferson Parish, Louisiana","294","274","20"
"7000000US220510014-K","14-K, Jefferson Parish, Louisiana","1122","1067","55"
"7000000US220510015-K","15-K, Jefferson Parish, Louisiana","549","509","40"
"7000000US2205100157A","157A, Jefferson Parish, Louisiana","1347","1254","93"
"7000000US2205100157B","157B, Jefferson Parish, Louisiana","0","0","0"
"7000000US220510016-K","16-K, Jefferson Parish, Louisiana","887","831","56"
"7000000US220510017-K","17-K, Jefferson Parish, Louisiana","1100","1056","44"
"7000000US2205100179A","179A, Jefferson Parish, Louisiana","1164","1107","57"
"7000000US2205100179B","179B, Jefferson Parish, Louisiana","284","268","16"
"7000000US220510018-K","18-K, Jefferson Parish, Louisiana","301","279","22"
"7000000US2205100185A","185A, Jefferson Parish, Louisiana","445","417","28"
"7000000US2205100185B","185B, Jefferson Parish, Louisiana","365","361","4"
"7000000US220510019-K","19-K, Jefferson Parish, Louisiana","846","818","28"
"7000000US2205100193A","193A, Jefferson Parish, Louisiana","657","620","37"
"7000000US2205100193B","193B, Jefferson Parish, Louisiana","989","978","11"
"7000000US2205100194A","194A, Jefferson Parish, Louisiana","627","607","20"
"7000000US2205100194B","194B, Jefferson Parish, Louisiana","869","859","10"
"7000000US2205100197A","197A, Jefferson Parish, Louisiana","88","88","0"
"7000000US2205100197B","197B, Jefferson Parish, Louisiana","908","880","28"
"7000000US220510020-K","20-K, Jefferson Parish, Louisiana","979","936","43"
"7000000US220510021-K","21-K, Jefferson Parish, Louisiana","358","321","37"
"7000000US2205100213A","213A, Jefferson Parish, Louisiana","473","445","28"
"7000000US2205100213B","213B, Jefferson Parish, Louisiana","600","568","32"
"7000000US2205100213C","213C, Jefferson Parish, Louisiana","971","881","90"
"7000000US2205100214A","214A, Jefferson Parish, Louisiana","351","330","21"
"7000000US2205100214B","214B, Jefferson Parish, Louisiana","2005","1766","239"
"7000000US2205100216A","216A, Jefferson Parish, Louisiana","795","778","17"
"7000000US2205100216B","216B, Jefferson Parish, Louisiana","629","606","23"
"7000000US2205100216C","216C, Jefferson Parish, Louisiana","883","837","46"
"7000000US220510022-K","22-K, Jefferson Parish, Louisiana","358","304","54"
"7000000US220510023-K","23-K, Jefferson Parish, Louisiana","1082","999","83"
"7000000US2205100232A","232A, Jefferson Parish, Louisiana","1161","1076","85"
"7000000US2205100232B","232B, Jefferson Parish, Louisiana","910","875","35"
"7000000US2205100238A","238A, Jefferson Parish, Louisiana","802","761","41"
"7000000US2205100238B","238B, Jefferson Parish, Louisiana","998","969","29"
"7000000US220510024-K","24-K, Jefferson Parish, Louisiana","581","556","25"
"7000000US220510025-K","25-K, Jefferson Parish, Louisiana","1232","1156","76"
"7000000US220510026-K","26-K, Jefferson Parish, Louisiana","499","438","61"
"7000000US220510027-K","27-K, Jefferson Parish, Louisiana","450","427","23"
"7000000US220510028-K","28-K, Jefferson Parish, Louisiana","481","458","23"
"7000000US220510029-K","29-K, Jefferson Parish, Louisiana","703","669","34"
"7000000US220510030-K","30-K, Jefferson Parish, Louisiana","380","329","51"
"7000000US220510031-K","31-K, Jefferson Parish, Louisiana","400","345","55"
"7000000US220510033-K","33-K, Jefferson Parish, Louisiana","542","494","48"
"7000000US220510034-K","34-K, Jefferson Parish, Louisiana","778","740","38"
"7000000US220510035-K","35-K, Jefferson Parish, Louisiana","515","490","25"
"7000000US22051006-KA","6-KA, Jefferson Parish, Louisiana","991","747","244"
"7000000US22051006-KB","6-KB, Jefferson Parish, Louisiana","589","572","17"
"7000000US22051007-KA","7-KA, Jefferson Parish, Louisiana","645","620","25"
"7000000US22051007-KB","7-KB, Jefferson Parish, Louisiana","1182","980","202"
"7000000US22051013-KA","13-KA, Jefferson Parish, Louisiana","429","364","65"
"7000000US22051013-KB","13-KB, Jefferson Parish, Louisiana","730","680","50"
"7000000US22051ZZZZZZ","Voting Districts Not Defined, Jefferson Parish, Louisiana","0","0","0"
